variant_id	adapter_mode	cli_command	policy_status	builder_status	typed_bytes	typed_delta_vs_champion	typed_saving_vs_champion	proof_json_bytes	proof_len_bytes	path_opening_bytes	value_bytes	record_stream_sha256	envelope_sha256	proof_sha256	input_sha256	payload_commitment	source_artifact_digest_pins	source_artifact_payload_commitments	accepted_label_ids	rejected_label_ids	mutation_outcomes
fixed_adjacent_layout	rmsnorm_input_fused_adjacent_fixed_v1	build-input-rmsnorm-fused-adjacent	rejected_inflating_label	reconstructed_from_generated_label_accounting_and_envelope	42156	88	-88	122688	122688	21184	20924	24e3f16bf92320fd79059257ec70ca97bbf76b5859610c2013c58a7511f1feaf	91d6866982629e829ef4b53502c99c7215e0d6bb257336cdf2910b8c94ce52b3	f1a495236e06cb3bb76e7f7cb900b9b96eb203809f791d28238fc948514126ed	f6f27d63a9eeca86b2bb43f4f7b2b3a1f96708c8e14f2852661b10ccbccd7198	blake2b-256:c25c9d8b0af3394006b266754ba65fc92ee79080f1755066c2fab034161e18dd	generated_adjacent_label_inventory=9f65bb46dab42bacb1530dc7f6cb31da9b4097dc5e2866feda26a72fa0611929,adjacent_label_seed_sweep_accounting=90f04ada7e02f3777615417dec475c27ccff3511f42be0a084e6405b52fcd6db	generated_adjacent_label_inventory=blake2b-256:8a0697d929b242d9894f58c61716bbca2b13612d76670ef5500258c490587851,adjacent_label_seed_sweep_accounting=none	adjacent_label_probe_a,adjacent_label_probe_b	fixed_adjacent_layout,adjacent_seed_00,adjacent_seed_01,adjacent_seed_02,adjacent_seed_03,adjacent_seed_04,adjacent_seed_05	decision_drift=rejected:decision drift,result_drift=rejected:result drift,claim_boundary_overclaim=rejected:claim_boundary drift,generated_inventory_digest_drift=rejected:source artifact drift,generated_inventory_commitment_drift=rejected:source artifact drift,accounting_digest_drift=rejected:source artifact drift,builder_manual_override_enabled=rejected:builder policy drift,generated_label_removed=rejected:builder policy drift,missing_accounting_row=rejected:proof object row order drift,envelope_path_relabeling=rejected:proof object row drift,envelope_sha_drift=rejected:proof object row drift,proof_sha_drift=rejected:proof object row drift,proof_length_drift=rejected:proof object row drift,typed_accounting_drift=rejected:proof object row drift,record_stream_drift=rejected:proof object row drift,proof_backend_version_drift=rejected:proof object row drift,fixed_label_promoted=rejected:proof object row drift,best_frontier_drift=rejected:frontier summary drift,validation_command_drift=rejected:validation command drift,removed_non_claim=rejected:non_claims drift,payload_commitment_drift=rejected:payload commitment drift
adjacent_label_probe_a	rmsnorm_input_fused_adjacent_label_probe_a_v1	build-input-rmsnorm-fused-adjacent-label-probe-a	supported_label	reconstructed_from_generated_label_accounting_and_envelope	40332	-1736	1736	116321	116321	19360	20924	ab9c27d7b780f81ec8f8f562997392362c18c9ddc6315d1db303520e3fd7e682	2f15a7b6c6e15b889ffc61c6a74235efc43b416fe7384452ca07d5818447f0aa	3421ac16f96bda07540698ccdbf1ea705ca384583c3b3275fc99471b5a156d7d	b970d9ef2f758db89930307c5594fbf57a1e9741b84a6954936f69fbdb960924	blake2b-256:c25c9d8b0af3394006b266754ba65fc92ee79080f1755066c2fab034161e18dd	generated_adjacent_label_inventory=9f65bb46dab42bacb1530dc7f6cb31da9b4097dc5e2866feda26a72fa0611929,adjacent_label_seed_sweep_accounting=90f04ada7e02f3777615417dec475c27ccff3511f42be0a084e6405b52fcd6db	generated_adjacent_label_inventory=blake2b-256:8a0697d929b242d9894f58c61716bbca2b13612d76670ef5500258c490587851,adjacent_label_seed_sweep_accounting=none	adjacent_label_probe_a,adjacent_label_probe_b	fixed_adjacent_layout,adjacent_seed_00,adjacent_seed_01,adjacent_seed_02,adjacent_seed_03,adjacent_seed_04,adjacent_seed_05	decision_drift=rejected:decision drift,result_drift=rejected:result drift,claim_boundary_overclaim=rejected:claim_boundary drift,generated_inventory_digest_drift=rejected:source artifact drift,generated_inventory_commitment_drift=rejected:source artifact drift,accounting_digest_drift=rejected:source artifact drift,builder_manual_override_enabled=rejected:builder policy drift,generated_label_removed=rejected:builder policy drift,missing_accounting_row=rejected:proof object row order drift,envelope_path_relabeling=rejected:proof object row drift,envelope_sha_drift=rejected:proof object row drift,proof_sha_drift=rejected:proof object row drift,proof_length_drift=rejected:proof object row drift,typed_accounting_drift=rejected:proof object row drift,record_stream_drift=rejected:proof object row drift,proof_backend_version_drift=rejected:proof object row drift,fixed_label_promoted=rejected:proof object row drift,best_frontier_drift=rejected:frontier summary drift,validation_command_drift=rejected:validation command drift,removed_non_claim=rejected:non_claims drift,payload_commitment_drift=rejected:payload commitment drift
adjacent_label_probe_b	rmsnorm_input_fused_adjacent_label_probe_b_v1	build-input-rmsnorm-fused-adjacent-label-probe-b	supported_label	reconstructed_from_generated_label_accounting_and_envelope	37532	-4536	4536	106317	106317	16560	20924	d0540f5cd1a69991226bcfb81475cec78ba0d416a39317503ad204b660aae1e0	8e3ba831ac7e858d069f1edfcb6ad46783b0d72f3f47666ae621bc159ac2c0df	4a5dc66d63ee3ddd3acad65e88c42259fb925ee31768a3fdecdb528722630845	f7c899cab3790eda5c770e56d0b9ed02ab5b65c7a72d4e1ccaaab7ed80a4a4da	blake2b-256:c25c9d8b0af3394006b266754ba65fc92ee79080f1755066c2fab034161e18dd	generated_adjacent_label_inventory=9f65bb46dab42bacb1530dc7f6cb31da9b4097dc5e2866feda26a72fa0611929,adjacent_label_seed_sweep_accounting=90f04ada7e02f3777615417dec475c27ccff3511f42be0a084e6405b52fcd6db	generated_adjacent_label_inventory=blake2b-256:8a0697d929b242d9894f58c61716bbca2b13612d76670ef5500258c490587851,adjacent_label_seed_sweep_accounting=none	adjacent_label_probe_a,adjacent_label_probe_b	fixed_adjacent_layout,adjacent_seed_00,adjacent_seed_01,adjacent_seed_02,adjacent_seed_03,adjacent_seed_04,adjacent_seed_05	decision_drift=rejected:decision drift,result_drift=rejected:result drift,claim_boundary_overclaim=rejected:claim_boundary drift,generated_inventory_digest_drift=rejected:source artifact drift,generated_inventory_commitment_drift=rejected:source artifact drift,accounting_digest_drift=rejected:source artifact drift,builder_manual_override_enabled=rejected:builder policy drift,generated_label_removed=rejected:builder policy drift,missing_accounting_row=rejected:proof object row order drift,envelope_path_relabeling=rejected:proof object row drift,envelope_sha_drift=rejected:proof object row drift,proof_sha_drift=rejected:proof object row drift,proof_length_drift=rejected:proof object row drift,typed_accounting_drift=rejected:proof object row drift,record_stream_drift=rejected:proof object row drift,proof_backend_version_drift=rejected:proof object row drift,fixed_label_promoted=rejected:proof object row drift,best_frontier_drift=rejected:frontier summary drift,validation_command_drift=rejected:validation command drift,removed_non_claim=rejected:non_claims drift,payload_commitment_drift=rejected:payload commitment drift
adjacent_seed_00	rmsnorm_input_fused_adjacent_seed_00_v1	build-input-rmsnorm-fused-adjacent-seed-00	rejected_unpromoted_seed_label	reconstructed_from_generated_label_accounting_and_envelope	41484	-584	584	120158	120158	20512	20924	01ba426d79e56c9c017a8d6696a54c4408424a3b0cc125c12c95fdfcacaa6e04	9e8ca35c303afbe3b1238b55821a37703bfe491b5b362b7b65d223a2f2a84a77	2c222781635c51ab5298acd6b7758dbb3c2b546fe15d3dfc92f378f78c1c3c66	fe6887787ea7a96036862f529c2dc0da2ab292caf87451d22abf13461a1d40cb	blake2b-256:c25c9d8b0af3394006b266754ba65fc92ee79080f1755066c2fab034161e18dd	generated_adjacent_label_inventory=9f65bb46dab42bacb1530dc7f6cb31da9b4097dc5e2866feda26a72fa0611929,adjacent_label_seed_sweep_accounting=90f04ada7e02f3777615417dec475c27ccff3511f42be0a084e6405b52fcd6db	generated_adjacent_label_inventory=blake2b-256:8a0697d929b242d9894f58c61716bbca2b13612d76670ef5500258c490587851,adjacent_label_seed_sweep_accounting=none	adjacent_label_probe_a,adjacent_label_probe_b	fixed_adjacent_layout,adjacent_seed_00,adjacent_seed_01,adjacent_seed_02,adjacent_seed_03,adjacent_seed_04,adjacent_seed_05	decision_drift=rejected:decision drift,result_drift=rejected:result drift,claim_boundary_overclaim=rejected:claim_boundary drift,generated_inventory_digest_drift=rejected:source artifact drift,generated_inventory_commitment_drift=rejected:source artifact drift,accounting_digest_drift=rejected:source artifact drift,builder_manual_override_enabled=rejected:builder policy drift,generated_label_removed=rejected:builder policy drift,missing_accounting_row=rejected:proof object row order drift,envelope_path_relabeling=rejected:proof object row drift,envelope_sha_drift=rejected:proof object row drift,proof_sha_drift=rejected:proof object row drift,proof_length_drift=rejected:proof object row drift,typed_accounting_drift=rejected:proof object row drift,record_stream_drift=rejected:proof object row drift,proof_backend_version_drift=rejected:proof object row drift,fixed_label_promoted=rejected:proof object row drift,best_frontier_drift=rejected:frontier summary drift,validation_command_drift=rejected:validation command drift,removed_non_claim=rejected:non_claims drift,payload_commitment_drift=rejected:payload commitment drift
adjacent_seed_01	rmsnorm_input_fused_adjacent_seed_01_v1	build-input-rmsnorm-fused-adjacent-seed-01	rejected_unpromoted_seed_label	reconstructed_from_generated_label_accounting_and_envelope	41484	-584	584	120064	120064	20512	20924	01ba426d79e56c9c017a8d6696a54c4408424a3b0cc125c12c95fdfcacaa6e04	d70f8f968d8eb2171e0cc09fa7a0b2bb001f8a83474aff819aead28bb5a295b9	5fd4c1d54ad4e616292cf22f5c957ce53a02c227190e098db1db8aa4fe419171	78e8c40d2d3bb24db80b8f4daaec9df261d900a374f1792cf855e2a6a4bd3155	blake2b-256:c25c9d8b0af3394006b266754ba65fc92ee79080f1755066c2fab034161e18dd	generated_adjacent_label_inventory=9f65bb46dab42bacb1530dc7f6cb31da9b4097dc5e2866feda26a72fa0611929,adjacent_label_seed_sweep_accounting=90f04ada7e02f3777615417dec475c27ccff3511f42be0a084e6405b52fcd6db	generated_adjacent_label_inventory=blake2b-256:8a0697d929b242d9894f58c61716bbca2b13612d76670ef5500258c490587851,adjacent_label_seed_sweep_accounting=none	adjacent_label_probe_a,adjacent_label_probe_b	fixed_adjacent_layout,adjacent_seed_00,adjacent_seed_01,adjacent_seed_02,adjacent_seed_03,adjacent_seed_04,adjacent_seed_05	decision_drift=rejected:decision drift,result_drift=rejected:result drift,claim_boundary_overclaim=rejected:claim_boundary drift,generated_inventory_digest_drift=rejected:source artifact drift,generated_inventory_commitment_drift=rejected:source artifact drift,accounting_digest_drift=rejected:source artifact drift,builder_manual_override_enabled=rejected:builder policy drift,generated_label_removed=rejected:builder policy drift,missing_accounting_row=rejected:proof object row order drift,envelope_path_relabeling=rejected:proof object row drift,envelope_sha_drift=rejected:proof object row drift,proof_sha_drift=rejected:proof object row drift,proof_length_drift=rejected:proof object row drift,typed_accounting_drift=rejected:proof object row drift,record_stream_drift=rejected:proof object row drift,proof_backend_version_drift=rejected:proof object row drift,fixed_label_promoted=rejected:proof object row drift,best_frontier_drift=rejected:frontier summary drift,validation_command_drift=rejected:validation command drift,removed_non_claim=rejected:non_claims drift,payload_commitment_drift=rejected:payload commitment drift
adjacent_seed_02	rmsnorm_input_fused_adjacent_seed_02_v1	build-input-rmsnorm-fused-adjacent-seed-02	rejected_unpromoted_seed_label	reconstructed_from_generated_label_accounting_and_envelope	40268	-1800	1800	115995	115995	19296	20924	1d1a58b9897120dd0beb15a7d159c2328304ed8e6103efa28551ee5b65b31539	4d343553886d03acb055c85b94d0f31c5b4f3efbf25192fb474f57749b8262b2	5de20c2647f31bd2d581c4b4090c924ef9dfbb67972e50969af554be6f849aba	24b48913962f75c0c8eb6109d507b317b183dcc341c9b0e1e20667da87b6825a	blake2b-256:c25c9d8b0af3394006b266754ba65fc92ee79080f1755066c2fab034161e18dd	generated_adjacent_label_inventory=9f65bb46dab42bacb1530dc7f6cb31da9b4097dc5e2866feda26a72fa0611929,adjacent_label_seed_sweep_accounting=90f04ada7e02f3777615417dec475c27ccff3511f42be0a084e6405b52fcd6db	generated_adjacent_label_inventory=blake2b-256:8a0697d929b242d9894f58c61716bbca2b13612d76670ef5500258c490587851,adjacent_label_seed_sweep_accounting=none	adjacent_label_probe_a,adjacent_label_probe_b	fixed_adjacent_layout,adjacent_seed_00,adjacent_seed_01,adjacent_seed_02,adjacent_seed_03,adjacent_seed_04,adjacent_seed_05	decision_drift=rejected:decision drift,result_drift=rejected:result drift,claim_boundary_overclaim=rejected:claim_boundary drift,generated_inventory_digest_drift=rejected:source artifact drift,generated_inventory_commitment_drift=rejected:source artifact drift,accounting_digest_drift=rejected:source artifact drift,builder_manual_override_enabled=rejected:builder policy drift,generated_label_removed=rejected:builder policy drift,missing_accounting_row=rejected:proof object row order drift,envelope_path_relabeling=rejected:proof object row drift,envelope_sha_drift=rejected:proof object row drift,proof_sha_drift=rejected:proof object row drift,proof_length_drift=rejected:proof object row drift,typed_accounting_drift=rejected:proof object row drift,record_stream_drift=rejected:proof object row drift,proof_backend_version_drift=rejected:proof object row drift,fixed_label_promoted=rejected:proof object row drift,best_frontier_drift=rejected:frontier summary drift,validation_command_drift=rejected:validation command drift,removed_non_claim=rejected:non_claims drift,payload_commitment_drift=rejected:payload commitment drift
adjacent_seed_03	rmsnorm_input_fused_adjacent_seed_03_v1	build-input-rmsnorm-fused-adjacent-seed-03	rejected_inflating_label	reconstructed_from_generated_label_accounting_and_envelope	42156	88	-88	122588	122588	21184	20924	24e3f16bf92320fd79059257ec70ca97bbf76b5859610c2013c58a7511f1feaf	1b15bf9fdee3449ea371e98bf16d1f231f4c8d68a3393e01cb95992ac8bb4ca3	406905d8c6a1bb0a81f600aba4adb2d49ee1b9aa5f70b56065e5bf14f03d631b	53b679a0ec95b608cf1455c1bfaa11d2fb867435f1f6b9ffaf2b751c27b88c8b	blake2b-256:c25c9d8b0af3394006b266754ba65fc92ee79080f1755066c2fab034161e18dd	generated_adjacent_label_inventory=9f65bb46dab42bacb1530dc7f6cb31da9b4097dc5e2866feda26a72fa0611929,adjacent_label_seed_sweep_accounting=90f04ada7e02f3777615417dec475c27ccff3511f42be0a084e6405b52fcd6db	generated_adjacent_label_inventory=blake2b-256:8a0697d929b242d9894f58c61716bbca2b13612d76670ef5500258c490587851,adjacent_label_seed_sweep_accounting=none	adjacent_label_probe_a,adjacent_label_probe_b	fixed_adjacent_layout,adjacent_seed_00,adjacent_seed_01,adjacent_seed_02,adjacent_seed_03,adjacent_seed_04,adjacent_seed_05	decision_drift=rejected:decision drift,result_drift=rejected:result drift,claim_boundary_overclaim=rejected:claim_boundary drift,generated_inventory_digest_drift=rejected:source artifact drift,generated_inventory_commitment_drift=rejected:source artifact drift,accounting_digest_drift=rejected:source artifact drift,builder_manual_override_enabled=rejected:builder policy drift,generated_label_removed=rejected:builder policy drift,missing_accounting_row=rejected:proof object row order drift,envelope_path_relabeling=rejected:proof object row drift,envelope_sha_drift=rejected:proof object row drift,proof_sha_drift=rejected:proof object row drift,proof_length_drift=rejected:proof object row drift,typed_accounting_drift=rejected:proof object row drift,record_stream_drift=rejected:proof object row drift,proof_backend_version_drift=rejected:proof object row drift,fixed_label_promoted=rejected:proof object row drift,best_frontier_drift=rejected:frontier summary drift,validation_command_drift=rejected:validation command drift,removed_non_claim=rejected:non_claims drift,payload_commitment_drift=rejected:payload commitment drift
adjacent_seed_04	rmsnorm_input_fused_adjacent_seed_04_v1	build-input-rmsnorm-fused-adjacent-seed-04	rejected_inflating_label	reconstructed_from_generated_label_accounting_and_envelope	42156	88	-88	122648	122648	21184	20924	24e3f16bf92320fd79059257ec70ca97bbf76b5859610c2013c58a7511f1feaf	e47070bc8ed81b31de8c72a479367232fb96ec3ed4f5549bfba1f9fab63ed876	a8b0fe6c95ce8fb9cdc4cc60d4f0cbb96fdc0c615a23a715dc9ab44db5e50463	52e7f2a6f36dc216cc6b094d0019198716d0ae588b7f6ad10f0f67a985aab582	blake2b-256:c25c9d8b0af3394006b266754ba65fc92ee79080f1755066c2fab034161e18dd	generated_adjacent_label_inventory=9f65bb46dab42bacb1530dc7f6cb31da9b4097dc5e2866feda26a72fa0611929,adjacent_label_seed_sweep_accounting=90f04ada7e02f3777615417dec475c27ccff3511f42be0a084e6405b52fcd6db	generated_adjacent_label_inventory=blake2b-256:8a0697d929b242d9894f58c61716bbca2b13612d76670ef5500258c490587851,adjacent_label_seed_sweep_accounting=none	adjacent_label_probe_a,adjacent_label_probe_b	fixed_adjacent_layout,adjacent_seed_00,adjacent_seed_01,adjacent_seed_02,adjacent_seed_03,adjacent_seed_04,adjacent_seed_05	decision_drift=rejected:decision drift,result_drift=rejected:result drift,claim_boundary_overclaim=rejected:claim_boundary drift,generated_inventory_digest_drift=rejected:source artifact drift,generated_inventory_commitment_drift=rejected:source artifact drift,accounting_digest_drift=rejected:source artifact drift,builder_manual_override_enabled=rejected:builder policy drift,generated_label_removed=rejected:builder policy drift,missing_accounting_row=rejected:proof object row order drift,envelope_path_relabeling=rejected:proof object row drift,envelope_sha_drift=rejected:proof object row drift,proof_sha_drift=rejected:proof object row drift,proof_length_drift=rejected:proof object row drift,typed_accounting_drift=rejected:proof object row drift,record_stream_drift=rejected:proof object row drift,proof_backend_version_drift=rejected:proof object row drift,fixed_label_promoted=rejected:proof object row drift,best_frontier_drift=rejected:frontier summary drift,validation_command_drift=rejected:validation command drift,removed_non_claim=rejected:non_claims drift,payload_commitment_drift=rejected:payload commitment drift
adjacent_seed_05	rmsnorm_input_fused_adjacent_seed_05_v1	build-input-rmsnorm-fused-adjacent-seed-05	rejected_unpromoted_seed_label	reconstructed_from_generated_label_accounting_and_envelope	40332	-1736	1736	116303	116303	19360	20924	ab9c27d7b780f81ec8f8f562997392362c18c9ddc6315d1db303520e3fd7e682	9cdded96b2cc6e2ceaab56c8f27717f1bfe3756d4f1ee2b0a2cf8f547885765f	9122f95a9eec12e75cabe7b99d9ba03ec55cefd880d0549eb185b911d818fbed	2359229cd148b6c6c4c14c9dc541eefbce1100e85cf257547b923d2c07f44f47	blake2b-256:c25c9d8b0af3394006b266754ba65fc92ee79080f1755066c2fab034161e18dd	generated_adjacent_label_inventory=9f65bb46dab42bacb1530dc7f6cb31da9b4097dc5e2866feda26a72fa0611929,adjacent_label_seed_sweep_accounting=90f04ada7e02f3777615417dec475c27ccff3511f42be0a084e6405b52fcd6db	generated_adjacent_label_inventory=blake2b-256:8a0697d929b242d9894f58c61716bbca2b13612d76670ef5500258c490587851,adjacent_label_seed_sweep_accounting=none	adjacent_label_probe_a,adjacent_label_probe_b	fixed_adjacent_layout,adjacent_seed_00,adjacent_seed_01,adjacent_seed_02,adjacent_seed_03,adjacent_seed_04,adjacent_seed_05	decision_drift=rejected:decision drift,result_drift=rejected:result drift,claim_boundary_overclaim=rejected:claim_boundary drift,generated_inventory_digest_drift=rejected:source artifact drift,generated_inventory_commitment_drift=rejected:source artifact drift,accounting_digest_drift=rejected:source artifact drift,builder_manual_override_enabled=rejected:builder policy drift,generated_label_removed=rejected:builder policy drift,missing_accounting_row=rejected:proof object row order drift,envelope_path_relabeling=rejected:proof object row drift,envelope_sha_drift=rejected:proof object row drift,proof_sha_drift=rejected:proof object row drift,proof_length_drift=rejected:proof object row drift,typed_accounting_drift=rejected:proof object row drift,record_stream_drift=rejected:proof object row drift,proof_backend_version_drift=rejected:proof object row drift,fixed_label_promoted=rejected:proof object row drift,best_frontier_drift=rejected:frontier summary drift,validation_command_drift=rejected:validation command drift,removed_non_claim=rejected:non_claims drift,payload_commitment_drift=rejected:payload commitment drift
