cell_id	status	axis_role	key_width	head_count	steps_per_head	pressure_axes	profile_id	lookup_claims	trace_rows	fused_proof_size_bytes	source_plus_sidecar_raw_proof_bytes	fused_to_source_plus_sidecar_ratio	evidence_json	missing_reason
d8_h1_seq8	PROVED_NATIVE_FUSED_WITH_MATCHED_SOURCE_PLUS_LOGUP_SIDECAR_COMPARATOR	baseline	8	1	8	baseline	d8_single_head_seq8	52	64	47698	59437	0.802497	docs/engineering/evidence/zkai-attention-kv-stwo-native-d8-fused-softmax-table-gate-2026-05.json	proved
d8_h1_seq16	MISSING_NATIVE_FUSED_PROOF_AND_MATCHED_COMPARATOR	sequence_axis	8	1	16	sequence								no checked native fused proof plus matched source-plus-LogUp-sidecar comparator for this cell
d8_h1_seq32	MISSING_NATIVE_FUSED_PROOF_AND_MATCHED_COMPARATOR	sequence_axis	8	1	32	sequence								no checked native fused proof plus matched source-plus-LogUp-sidecar comparator for this cell
d8_h1_seq64	MISSING_NATIVE_FUSED_PROOF_AND_MATCHED_COMPARATOR	sequence_axis	8	1	64	sequence								no checked native fused proof plus matched source-plus-LogUp-sidecar comparator for this cell
d8_h2_seq8	PROVED_NATIVE_FUSED_WITH_MATCHED_SOURCE_PLUS_LOGUP_SIDECAR_COMPARATOR	head_axis	8	2	8	head	d8_two_head_seq8	104	128	49508	65208	0.759232	docs/engineering/evidence/zkai-attention-kv-stwo-native-two-head-fused-softmax-table-gate-2026-05.json	proved
d8_h2_seq16	PROVED_NATIVE_FUSED_WITH_MATCHED_SOURCE_PLUS_LOGUP_SIDECAR_COMPARATOR	head_sequence_crossing	8	2	16	head+sequence	d8_two_head_seq16	336	512	60502	79444	0.761568	docs/engineering/evidence/zkai-attention-kv-stwo-native-two-head-longseq-fused-softmax-table-gate-2026-05.json	proved
d8_h2_seq32	PROVED_NATIVE_FUSED_WITH_MATCHED_SOURCE_PLUS_LOGUP_SIDECAR_COMPARATOR	head_sequence_crossing	8	2	32	head+sequence	d8_two_head_seq32	1184	2048	66327	98012	0.676723	docs/engineering/evidence/zkai-attention-kv-stwo-native-two-head-seq32-fused-softmax-table-gate-2026-05.json	proved
d8_h2_seq64	MISSING_NATIVE_FUSED_PROOF_AND_MATCHED_COMPARATOR	head_sequence_crossing	8	2	64	head+sequence								no checked native fused proof plus matched source-plus-LogUp-sidecar comparator for this cell
d8_h4_seq8	PROVED_NATIVE_FUSED_WITH_MATCHED_SOURCE_PLUS_LOGUP_SIDECAR_COMPARATOR	head_axis	8	4	8	head	d8_four_head_seq8	208	256	53468	74529	0.717412	docs/engineering/evidence/zkai-attention-kv-stwo-native-four-head-fused-softmax-table-gate-2026-05.json	proved
d8_h4_seq16	MISSING_NATIVE_FUSED_PROOF_AND_MATCHED_COMPARATOR	head_sequence_crossing	8	4	16	head+sequence								no checked native fused proof plus matched source-plus-LogUp-sidecar comparator for this cell
d8_h4_seq32	MISSING_NATIVE_FUSED_PROOF_AND_MATCHED_COMPARATOR	head_sequence_crossing	8	4	32	head+sequence								no checked native fused proof plus matched source-plus-LogUp-sidecar comparator for this cell
d8_h4_seq64	MISSING_NATIVE_FUSED_PROOF_AND_MATCHED_COMPARATOR	head_sequence_crossing	8	4	64	head+sequence								no checked native fused proof plus matched source-plus-LogUp-sidecar comparator for this cell
d8_h8_seq8	PROVED_NATIVE_FUSED_WITH_MATCHED_SOURCE_PLUS_LOGUP_SIDECAR_COMPARATOR	head_axis	8	8	8	head	d8_eight_head_seq8	416	512	59375	74086	0.801433	docs/engineering/evidence/zkai-attention-kv-stwo-native-eight-head-fused-softmax-table-gate-2026-05.json	proved
d8_h8_seq16	MISSING_NATIVE_FUSED_PROOF_AND_MATCHED_COMPARATOR	head_sequence_crossing	8	8	16	head+sequence								no checked native fused proof plus matched source-plus-LogUp-sidecar comparator for this cell
d8_h8_seq32	MISSING_NATIVE_FUSED_PROOF_AND_MATCHED_COMPARATOR	head_sequence_crossing	8	8	32	head+sequence								no checked native fused proof plus matched source-plus-LogUp-sidecar comparator for this cell
d8_h8_seq64	MISSING_NATIVE_FUSED_PROOF_AND_MATCHED_COMPARATOR	head_sequence_crossing	8	8	64	head+sequence								no checked native fused proof plus matched source-plus-LogUp-sidecar comparator for this cell
d8_h16_seq8	PROVED_NATIVE_FUSED_WITH_MATCHED_SOURCE_PLUS_LOGUP_SIDECAR_COMPARATOR	head_axis	8	16	8	head	d8_sixteen_head_seq8	832	1024	65006	88711	0.732784	docs/engineering/evidence/zkai-attention-kv-stwo-native-sixteen-head-fused-softmax-table-gate-2026-05.json	proved
d8_h16_seq16	MISSING_NATIVE_FUSED_PROOF_AND_MATCHED_COMPARATOR	head_sequence_crossing	8	16	16	head+sequence								no checked native fused proof plus matched source-plus-LogUp-sidecar comparator for this cell
d8_h16_seq32	MISSING_NATIVE_FUSED_PROOF_AND_MATCHED_COMPARATOR	head_sequence_crossing	8	16	32	head+sequence								no checked native fused proof plus matched source-plus-LogUp-sidecar comparator for this cell
d8_h16_seq64	MISSING_NATIVE_FUSED_PROOF_AND_MATCHED_COMPARATOR	head_sequence_crossing	8	16	64	head+sequence								no checked native fused proof plus matched source-plus-LogUp-sidecar comparator for this cell
d16_h1_seq8	PROVED_NATIVE_FUSED_WITH_MATCHED_SOURCE_PLUS_LOGUP_SIDECAR_COMPARATOR	width_axis	16	1	8	width	d16_single_head_seq8	52	64	64503	74961	0.860487	docs/engineering/evidence/zkai-attention-kv-stwo-native-d16-fused-softmax-table-gate-2026-05.json	proved
d16_h1_seq16	MISSING_NATIVE_FUSED_PROOF_AND_MATCHED_COMPARATOR	width_sequence_crossing	16	1	16	width+sequence								no checked native fused proof plus matched source-plus-LogUp-sidecar comparator for this cell
d16_h1_seq32	MISSING_NATIVE_FUSED_PROOF_AND_MATCHED_COMPARATOR	width_sequence_crossing	16	1	32	width+sequence								no checked native fused proof plus matched source-plus-LogUp-sidecar comparator for this cell
d16_h1_seq64	MISSING_NATIVE_FUSED_PROOF_AND_MATCHED_COMPARATOR	width_sequence_crossing	16	1	64	width+sequence								no checked native fused proof plus matched source-plus-LogUp-sidecar comparator for this cell
d16_h2_seq8	PROVED_NATIVE_FUSED_WITH_MATCHED_SOURCE_PLUS_LOGUP_SIDECAR_COMPARATOR	width_head_crossing	16	2	8	width+head	d16_two_head_seq8	104	128	78211	91596	0.853869	docs/engineering/evidence/zkai-attention-kv-stwo-native-d16-two-head-fused-softmax-table-gate-2026-05.json	proved
d16_h2_seq16	PROVED_NATIVE_FUSED_WITH_MATCHED_SOURCE_PLUS_LOGUP_SIDECAR_COMPARATOR	width_head_sequence_crossing	16	2	16	width+head+sequence	d16_two_head_seq16	336	512	84868	108158	0.784667	docs/engineering/evidence/zkai-attention-kv-stwo-native-d16-two-head-longseq-fused-softmax-table-gate-2026-05.json	proved
d16_h2_seq32	PROVED_NATIVE_FUSED_WITH_MATCHED_SOURCE_PLUS_LOGUP_SIDECAR_COMPARATOR	width_head_sequence_crossing	16	2	32	width+head+sequence	d16_two_head_seq32	1184	2048	92363	127207	0.726084	docs/engineering/evidence/zkai-attention-kv-stwo-native-d16-two-head-seq32-fused-softmax-table-gate-2026-05.json	proved
d16_h2_seq64	MISSING_NATIVE_FUSED_PROOF_AND_MATCHED_COMPARATOR	width_head_sequence_crossing	16	2	64	width+head+sequence								no checked native fused proof plus matched source-plus-LogUp-sidecar comparator for this cell
d16_h4_seq8	MISSING_NATIVE_FUSED_PROOF_AND_MATCHED_COMPARATOR	width_head_crossing	16	4	8	width+head								no checked native fused proof plus matched source-plus-LogUp-sidecar comparator for this cell
d16_h4_seq16	MISSING_NATIVE_FUSED_PROOF_AND_MATCHED_COMPARATOR	width_head_sequence_crossing	16	4	16	width+head+sequence								no checked native fused proof plus matched source-plus-LogUp-sidecar comparator for this cell
d16_h4_seq32	MISSING_NATIVE_FUSED_PROOF_AND_MATCHED_COMPARATOR	width_head_sequence_crossing	16	4	32	width+head+sequence								no checked native fused proof plus matched source-plus-LogUp-sidecar comparator for this cell
d16_h4_seq64	MISSING_NATIVE_FUSED_PROOF_AND_MATCHED_COMPARATOR	width_head_sequence_crossing	16	4	64	width+head+sequence								no checked native fused proof plus matched source-plus-LogUp-sidecar comparator for this cell
d16_h8_seq8	MISSING_NATIVE_FUSED_PROOF_AND_MATCHED_COMPARATOR	width_head_crossing	16	8	8	width+head								no checked native fused proof plus matched source-plus-LogUp-sidecar comparator for this cell
d16_h8_seq16	MISSING_NATIVE_FUSED_PROOF_AND_MATCHED_COMPARATOR	width_head_sequence_crossing	16	8	16	width+head+sequence								no checked native fused proof plus matched source-plus-LogUp-sidecar comparator for this cell
d16_h8_seq32	MISSING_NATIVE_FUSED_PROOF_AND_MATCHED_COMPARATOR	width_head_sequence_crossing	16	8	32	width+head+sequence								no checked native fused proof plus matched source-plus-LogUp-sidecar comparator for this cell
d16_h8_seq64	MISSING_NATIVE_FUSED_PROOF_AND_MATCHED_COMPARATOR	width_head_sequence_crossing	16	8	64	width+head+sequence								no checked native fused proof plus matched source-plus-LogUp-sidecar comparator for this cell
d16_h16_seq8	MISSING_NATIVE_FUSED_PROOF_AND_MATCHED_COMPARATOR	width_head_crossing	16	16	8	width+head								no checked native fused proof plus matched source-plus-LogUp-sidecar comparator for this cell
d16_h16_seq16	MISSING_NATIVE_FUSED_PROOF_AND_MATCHED_COMPARATOR	width_head_sequence_crossing	16	16	16	width+head+sequence								no checked native fused proof plus matched source-plus-LogUp-sidecar comparator for this cell
d16_h16_seq32	MISSING_NATIVE_FUSED_PROOF_AND_MATCHED_COMPARATOR	width_head_sequence_crossing	16	16	32	width+head+sequence								no checked native fused proof plus matched source-plus-LogUp-sidecar comparator for this cell
d16_h16_seq64	MISSING_NATIVE_FUSED_PROOF_AND_MATCHED_COMPARATOR	width_head_sequence_crossing	16	16	64	width+head+sequence								no checked native fused proof plus matched source-plus-LogUp-sidecar comparator for this cell
d32_h1_seq8	PROVED_NATIVE_FUSED_WITH_MATCHED_SOURCE_PLUS_LOGUP_SIDECAR_COMPARATOR	width_axis	32	1	8	width	d32_single_head_seq8	52	64	107261	116682	0.919259	docs/engineering/evidence/zkai-attention-kv-stwo-native-d32-fused-softmax-table-gate-2026-05.json	proved
d32_h1_seq16	MISSING_NATIVE_FUSED_PROOF_AND_MATCHED_COMPARATOR	width_sequence_crossing	32	1	16	width+sequence								no checked native fused proof plus matched source-plus-LogUp-sidecar comparator for this cell
d32_h1_seq32	MISSING_NATIVE_FUSED_PROOF_AND_MATCHED_COMPARATOR	width_sequence_crossing	32	1	32	width+sequence								no checked native fused proof plus matched source-plus-LogUp-sidecar comparator for this cell
d32_h1_seq64	MISSING_NATIVE_FUSED_PROOF_AND_MATCHED_COMPARATOR	width_sequence_crossing	32	1	64	width+sequence								no checked native fused proof plus matched source-plus-LogUp-sidecar comparator for this cell
d32_h2_seq8	PROVED_NATIVE_FUSED_WITH_MATCHED_SOURCE_PLUS_LOGUP_SIDECAR_COMPARATOR	width_head_crossing	32	2	8	width+head	d32_two_head_seq8	104	128	125756	142063	0.885213	docs/engineering/evidence/zkai-attention-kv-stwo-native-d32-two-head-fused-softmax-table-gate-2026-05.json	proved
d32_h2_seq16	PROVED_NATIVE_FUSED_WITH_MATCHED_SOURCE_PLUS_LOGUP_SIDECAR_COMPARATOR	width_head_sequence_crossing	32	2	16	width+head+sequence	d32_two_head_seq16	336	512	132543	162138	0.81747	docs/engineering/evidence/zkai-attention-kv-stwo-native-d32-two-head-longseq-fused-softmax-table-gate-2026-05.json	proved
d32_h2_seq32	PROVED_NATIVE_FUSED_WITH_MATCHED_SOURCE_PLUS_LOGUP_SIDECAR_COMPARATOR	width_head_sequence_crossing	32	2	32	width+head+sequence	d32_two_head_seq32	1184	2048	150147	176473	0.850821	docs/engineering/evidence/zkai-attention-kv-stwo-native-d32-two-head-seq32-fused-softmax-table-gate-2026-05.json	proved
d32_h2_seq64	MISSING_NATIVE_FUSED_PROOF_AND_MATCHED_COMPARATOR	width_head_sequence_crossing	32	2	64	width+head+sequence								no checked native fused proof plus matched source-plus-LogUp-sidecar comparator for this cell
d32_h4_seq8	MISSING_NATIVE_FUSED_PROOF_AND_MATCHED_COMPARATOR	width_head_crossing	32	4	8	width+head								no checked native fused proof plus matched source-plus-LogUp-sidecar comparator for this cell
d32_h4_seq16	PROVED_NATIVE_FUSED_WITH_MATCHED_SOURCE_PLUS_LOGUP_SIDECAR_COMPARATOR	width_head_sequence_crossing	32	4	16	width+head+sequence	d32_four_head_seq16	672	1024	142334	170018	0.83717	docs/engineering/evidence/zkai-attention-kv-stwo-native-d32-four-head-longseq-fused-softmax-table-gate-2026-05.json	proved
d32_h4_seq32	PROVED_NATIVE_FUSED_WITH_MATCHED_SOURCE_PLUS_LOGUP_SIDECAR_COMPARATOR	width_head_sequence_crossing	32	4	32	width+head+sequence	d32_four_head_seq32	2368	4096	154670	192937	0.801661	docs/engineering/evidence/zkai-attention-kv-stwo-native-d32-four-head-seq32-fused-softmax-table-gate-2026-05.json	proved
d32_h4_seq64	MISSING_NATIVE_FUSED_PROOF_AND_MATCHED_COMPARATOR	width_head_sequence_crossing	32	4	64	width+head+sequence								no checked native fused proof plus matched source-plus-LogUp-sidecar comparator for this cell
d32_h8_seq8	MISSING_NATIVE_FUSED_PROOF_AND_MATCHED_COMPARATOR	width_head_crossing	32	8	8	width+head								no checked native fused proof plus matched source-plus-LogUp-sidecar comparator for this cell
d32_h8_seq16	MISSING_NATIVE_FUSED_PROOF_AND_MATCHED_COMPARATOR	width_head_sequence_crossing	32	8	16	width+head+sequence								no checked native fused proof plus matched source-plus-LogUp-sidecar comparator for this cell
d32_h8_seq32	MISSING_NATIVE_FUSED_PROOF_AND_MATCHED_COMPARATOR	width_head_sequence_crossing	32	8	32	width+head+sequence								no checked native fused proof plus matched source-plus-LogUp-sidecar comparator for this cell
d32_h8_seq64	MISSING_NATIVE_FUSED_PROOF_AND_MATCHED_COMPARATOR	width_head_sequence_crossing	32	8	64	width+head+sequence								no checked native fused proof plus matched source-plus-LogUp-sidecar comparator for this cell
d32_h16_seq8	MISSING_NATIVE_FUSED_PROOF_AND_MATCHED_COMPARATOR	width_head_crossing	32	16	8	width+head								no checked native fused proof plus matched source-plus-LogUp-sidecar comparator for this cell
d32_h16_seq16	MISSING_NATIVE_FUSED_PROOF_AND_MATCHED_COMPARATOR	width_head_sequence_crossing	32	16	16	width+head+sequence								no checked native fused proof plus matched source-plus-LogUp-sidecar comparator for this cell
d32_h16_seq32	MISSING_NATIVE_FUSED_PROOF_AND_MATCHED_COMPARATOR	width_head_sequence_crossing	32	16	32	width+head+sequence								no checked native fused proof plus matched source-plus-LogUp-sidecar comparator for this cell
d32_h16_seq64	MISSING_NATIVE_FUSED_PROOF_AND_MATCHED_COMPARATOR	width_head_sequence_crossing	32	16	64	width+head+sequence								no checked native fused proof plus matched source-plus-LogUp-sidecar comparator for this cell
d64_h1_seq8	MISSING_NATIVE_FUSED_PROOF_AND_MATCHED_COMPARATOR	width_axis	64	1	8	width								no checked native fused proof plus matched source-plus-LogUp-sidecar comparator for this cell
d64_h1_seq16	PROVED_NATIVE_FUSED_WITH_MATCHED_SOURCE_PLUS_LOGUP_SIDECAR_COMPARATOR	width_sequence_crossing	64	1	16	width+sequence	d64_single_head_seq16	168	256	237725	254375	0.934545	docs/engineering/evidence/zkai-attention-kv-stwo-native-d64-single-head-longseq-fused-softmax-table-gate-2026-05.json	proved
d64_h1_seq32	MISSING_NATIVE_FUSED_PROOF_AND_MATCHED_COMPARATOR	width_sequence_crossing	64	1	32	width+sequence								no checked native fused proof plus matched source-plus-LogUp-sidecar comparator for this cell
d64_h1_seq64	MISSING_NATIVE_FUSED_PROOF_AND_MATCHED_COMPARATOR	width_sequence_crossing	64	1	64	width+sequence								no checked native fused proof plus matched source-plus-LogUp-sidecar comparator for this cell
d64_h2_seq8	MISSING_NATIVE_FUSED_PROOF_AND_MATCHED_COMPARATOR	width_head_crossing	64	2	8	width+head								no checked native fused proof plus matched source-plus-LogUp-sidecar comparator for this cell
d64_h2_seq16	PROVED_NATIVE_FUSED_WITH_MATCHED_SOURCE_PLUS_LOGUP_SIDECAR_COMPARATOR	width_head_sequence_crossing	64	2	16	width+head+sequence	d64_two_head_seq16	336	512	238504	257725	0.925421	docs/engineering/evidence/zkai-attention-kv-stwo-native-d64-two-head-longseq-fused-softmax-table-gate-2026-05.json	proved
d64_h2_seq32	PROVED_NATIVE_FUSED_WITH_MATCHED_SOURCE_PLUS_LOGUP_SIDECAR_COMPARATOR	width_head_sequence_crossing	64	2	32	width+head+sequence	d64_two_head_seq32	1184	2048	253257	285102	0.888303	docs/engineering/evidence/zkai-attention-kv-stwo-native-d64-two-head-seq32-fused-softmax-table-gate-2026-05.json	proved
d64_h2_seq64	PROVED_NATIVE_FUSED_WITH_MATCHED_SOURCE_PLUS_LOGUP_SIDECAR_COMPARATOR	width_head_sequence_crossing	64	2	64	width+head+sequence	d64_two_head_seq64	4416	8192	272636	306970	0.888152	docs/engineering/evidence/zkai-attention-kv-stwo-native-d64-two-head-seq64-fused-softmax-table-gate-2026-05.json	proved
d64_h4_seq8	MISSING_NATIVE_FUSED_PROOF_AND_MATCHED_COMPARATOR	width_head_crossing	64	4	8	width+head								no checked native fused proof plus matched source-plus-LogUp-sidecar comparator for this cell
d64_h4_seq16	PROVED_NATIVE_FUSED_WITH_MATCHED_SOURCE_PLUS_LOGUP_SIDECAR_COMPARATOR	width_head_sequence_crossing	64	4	16	width+head+sequence	d64_four_head_seq16	672	1024	237596	260685	0.91143	docs/engineering/evidence/zkai-attention-kv-stwo-native-d64-four-head-longseq-fused-softmax-table-gate-2026-05.json	proved
d64_h4_seq32	PROVED_NATIVE_FUSED_WITH_MATCHED_SOURCE_PLUS_LOGUP_SIDECAR_COMPARATOR	width_head_sequence_crossing	64	4	32	width+head+sequence	d64_four_head_seq32	2368	4096	255889	288292	0.887604	docs/engineering/evidence/zkai-attention-kv-stwo-native-d64-four-head-seq32-fused-softmax-table-gate-2026-05.json	proved
d64_h4_seq64	PROVED_NATIVE_FUSED_WITH_MATCHED_SOURCE_PLUS_LOGUP_SIDECAR_COMPARATOR	width_head_sequence_crossing	64	4	64	width+head+sequence	d64_four_head_seq64	8832	16384	276503	315785	0.875605	docs/engineering/evidence/zkai-attention-kv-stwo-native-d64-four-head-seq64-fused-softmax-table-gate-2026-05.json	proved
d64_h8_seq8	MISSING_NATIVE_FUSED_PROOF_AND_MATCHED_COMPARATOR	width_head_crossing	64	8	8	width+head								no checked native fused proof plus matched source-plus-LogUp-sidecar comparator for this cell
d64_h8_seq16	MISSING_NATIVE_FUSED_PROOF_AND_MATCHED_COMPARATOR	width_head_sequence_crossing	64	8	16	width+head+sequence								no checked native fused proof plus matched source-plus-LogUp-sidecar comparator for this cell
d64_h8_seq32	MISSING_NATIVE_FUSED_PROOF_AND_MATCHED_COMPARATOR	width_head_sequence_crossing	64	8	32	width+head+sequence								no checked native fused proof plus matched source-plus-LogUp-sidecar comparator for this cell
d64_h8_seq64	MISSING_NATIVE_FUSED_PROOF_AND_MATCHED_COMPARATOR	width_head_sequence_crossing	64	8	64	width+head+sequence								no checked native fused proof plus matched source-plus-LogUp-sidecar comparator for this cell
d64_h16_seq8	MISSING_NATIVE_FUSED_PROOF_AND_MATCHED_COMPARATOR	width_head_crossing	64	16	8	width+head								no checked native fused proof plus matched source-plus-LogUp-sidecar comparator for this cell
d64_h16_seq16	MISSING_NATIVE_FUSED_PROOF_AND_MATCHED_COMPARATOR	width_head_sequence_crossing	64	16	16	width+head+sequence								no checked native fused proof plus matched source-plus-LogUp-sidecar comparator for this cell
d64_h16_seq32	MISSING_NATIVE_FUSED_PROOF_AND_MATCHED_COMPARATOR	width_head_sequence_crossing	64	16	32	width+head+sequence								no checked native fused proof plus matched source-plus-LogUp-sidecar comparator for this cell
d64_h16_seq64	MISSING_NATIVE_FUSED_PROOF_AND_MATCHED_COMPARATOR	width_head_sequence_crossing	64	16	64	width+head+sequence								no checked native fused proof plus matched source-plus-LogUp-sidecar comparator for this cell
d128_h1_seq8	MISSING_NATIVE_FUSED_PROOF_AND_MATCHED_COMPARATOR	width_axis	128	1	8	width								no checked native fused proof plus matched source-plus-LogUp-sidecar comparator for this cell
d128_h1_seq16	PROVED_NATIVE_FUSED_WITH_MATCHED_SOURCE_PLUS_LOGUP_SIDECAR_COMPARATOR	width_sequence_crossing	128	1	16	width+sequence	d128_single_head_seq16	168	256	380342	397313	0.957286	docs/engineering/evidence/zkai-attention-kv-stwo-native-d128-single-head-seq16-fused-softmax-table-gate-2026-05.json	proved
d128_h1_seq32	MISSING_NATIVE_FUSED_PROOF_AND_MATCHED_COMPARATOR	width_sequence_crossing	128	1	32	width+sequence								no checked native fused proof plus matched source-plus-LogUp-sidecar comparator for this cell
d128_h1_seq64	MISSING_NATIVE_FUSED_PROOF_AND_MATCHED_COMPARATOR	width_sequence_crossing	128	1	64	width+sequence								no checked native fused proof plus matched source-plus-LogUp-sidecar comparator for this cell
d128_h2_seq8	MISSING_NATIVE_FUSED_PROOF_AND_MATCHED_COMPARATOR	width_head_crossing	128	2	8	width+head								no checked native fused proof plus matched source-plus-LogUp-sidecar comparator for this cell
d128_h2_seq16	MISSING_NATIVE_FUSED_PROOF_AND_MATCHED_COMPARATOR	width_head_sequence_crossing	128	2	16	width+head+sequence								no checked native fused proof plus matched source-plus-LogUp-sidecar comparator for this cell
d128_h2_seq32	PROVED_NATIVE_FUSED_WITH_MATCHED_SOURCE_PLUS_LOGUP_SIDECAR_COMPARATOR	width_head_sequence_crossing	128	2	32	width+head+sequence	d128_two_head_seq32	1184	2048	445888	478276	0.932282	docs/engineering/evidence/zkai-attention-kv-stwo-native-d128-two-head-seq32-fused-softmax-table-gate-2026-05.json	proved
d128_h2_seq64	PROVED_NATIVE_FUSED_WITH_MATCHED_SOURCE_PLUS_LOGUP_SIDECAR_COMPARATOR	width_head_sequence_crossing	128	2	64	width+head+sequence	d128_two_head_seq64	4416	8192	481870	522187	0.922792	docs/engineering/evidence/zkai-attention-kv-stwo-native-d128-two-head-seq64-fused-softmax-table-gate-2026-05.json	proved
d128_h4_seq8	MISSING_NATIVE_FUSED_PROOF_AND_MATCHED_COMPARATOR	width_head_crossing	128	4	8	width+head								no checked native fused proof plus matched source-plus-LogUp-sidecar comparator for this cell
d128_h4_seq16	MISSING_NATIVE_FUSED_PROOF_AND_MATCHED_COMPARATOR	width_head_sequence_crossing	128	4	16	width+head+sequence								no checked native fused proof plus matched source-plus-LogUp-sidecar comparator for this cell
d128_h4_seq32	PROVED_NATIVE_FUSED_WITH_MATCHED_SOURCE_PLUS_LOGUP_SIDECAR_COMPARATOR	width_head_sequence_crossing	128	4	32	width+head+sequence	d128_four_head_seq32	2368	4096	465630	504934	0.92216	docs/engineering/evidence/zkai-attention-kv-stwo-native-d128-four-head-seq32-fused-softmax-table-gate-2026-05.json	proved
d128_h4_seq64	PROVED_NATIVE_FUSED_WITH_MATCHED_SOURCE_PLUS_LOGUP_SIDECAR_COMPARATOR	width_head_sequence_crossing	128	4	64	width+head+sequence	d128_four_head_seq64	8832	16384	495854	539670	0.91881	docs/engineering/evidence/zkai-attention-kv-stwo-native-d128-four-head-seq64-fused-softmax-table-gate-2026-05.json	proved
d128_h8_seq8	MISSING_NATIVE_FUSED_PROOF_AND_MATCHED_COMPARATOR	width_head_crossing	128	8	8	width+head								no checked native fused proof plus matched source-plus-LogUp-sidecar comparator for this cell
d128_h8_seq16	MISSING_NATIVE_FUSED_PROOF_AND_MATCHED_COMPARATOR	width_head_sequence_crossing	128	8	16	width+head+sequence								no checked native fused proof plus matched source-plus-LogUp-sidecar comparator for this cell
d128_h8_seq32	MISSING_NATIVE_FUSED_PROOF_AND_MATCHED_COMPARATOR	width_head_sequence_crossing	128	8	32	width+head+sequence								no checked native fused proof plus matched source-plus-LogUp-sidecar comparator for this cell
d128_h8_seq64	MISSING_NATIVE_FUSED_PROOF_AND_MATCHED_COMPARATOR	width_head_sequence_crossing	128	8	64	width+head+sequence								no checked native fused proof plus matched source-plus-LogUp-sidecar comparator for this cell
d128_h16_seq8	MISSING_NATIVE_FUSED_PROOF_AND_MATCHED_COMPARATOR	width_head_crossing	128	16	8	width+head								no checked native fused proof plus matched source-plus-LogUp-sidecar comparator for this cell
d128_h16_seq16	MISSING_NATIVE_FUSED_PROOF_AND_MATCHED_COMPARATOR	width_head_sequence_crossing	128	16	16	width+head+sequence								no checked native fused proof plus matched source-plus-LogUp-sidecar comparator for this cell
d128_h16_seq32	MISSING_NATIVE_FUSED_PROOF_AND_MATCHED_COMPARATOR	width_head_sequence_crossing	128	16	32	width+head+sequence								no checked native fused proof plus matched source-plus-LogUp-sidecar comparator for this cell
d128_h16_seq64	MISSING_NATIVE_FUSED_PROOF_AND_MATCHED_COMPARATOR	width_head_sequence_crossing	128	16	64	width+head+sequence								no checked native fused proof plus matched source-plus-LogUp-sidecar comparator for this cell
d256_h1_seq8	MISSING_NATIVE_FUSED_PROOF_AND_MATCHED_COMPARATOR	width_axis	256	1	8	width								no checked native fused proof plus matched source-plus-LogUp-sidecar comparator for this cell
d256_h1_seq16	MISSING_NATIVE_FUSED_PROOF_AND_MATCHED_COMPARATOR	width_sequence_crossing	256	1	16	width+sequence								no checked native fused proof plus matched source-plus-LogUp-sidecar comparator for this cell
d256_h1_seq32	MISSING_NATIVE_FUSED_PROOF_AND_MATCHED_COMPARATOR	width_sequence_crossing	256	1	32	width+sequence								no checked native fused proof plus matched source-plus-LogUp-sidecar comparator for this cell
d256_h1_seq64	MISSING_NATIVE_FUSED_PROOF_AND_MATCHED_COMPARATOR	width_sequence_crossing	256	1	64	width+sequence								no checked native fused proof plus matched source-plus-LogUp-sidecar comparator for this cell
d256_h2_seq8	MISSING_NATIVE_FUSED_PROOF_AND_MATCHED_COMPARATOR	width_head_crossing	256	2	8	width+head								no checked native fused proof plus matched source-plus-LogUp-sidecar comparator for this cell
d256_h2_seq16	MISSING_NATIVE_FUSED_PROOF_AND_MATCHED_COMPARATOR	width_head_sequence_crossing	256	2	16	width+head+sequence								no checked native fused proof plus matched source-plus-LogUp-sidecar comparator for this cell
d256_h2_seq32	PROVED_NATIVE_FUSED_WITH_MATCHED_SOURCE_PLUS_LOGUP_SIDECAR_COMPARATOR	width_head_sequence_crossing	256	2	32	width+head+sequence	d256_two_head_seq32	1184	2048	821398	851541	0.964602	docs/engineering/evidence/zkai-attention-kv-stwo-native-d256-two-head-seq32-fused-softmax-table-gate-2026-05.json	proved
d256_h2_seq64	MISSING_NATIVE_FUSED_PROOF_AND_MATCHED_COMPARATOR	width_head_sequence_crossing	256	2	64	width+head+sequence								no checked native fused proof plus matched source-plus-LogUp-sidecar comparator for this cell
d256_h4_seq8	MISSING_NATIVE_FUSED_PROOF_AND_MATCHED_COMPARATOR	width_head_crossing	256	4	8	width+head								no checked native fused proof plus matched source-plus-LogUp-sidecar comparator for this cell
d256_h4_seq16	MISSING_NATIVE_FUSED_PROOF_AND_MATCHED_COMPARATOR	width_head_sequence_crossing	256	4	16	width+head+sequence								no checked native fused proof plus matched source-plus-LogUp-sidecar comparator for this cell
d256_h4_seq32	MISSING_NATIVE_FUSED_PROOF_AND_MATCHED_COMPARATOR	width_head_sequence_crossing	256	4	32	width+head+sequence								no checked native fused proof plus matched source-plus-LogUp-sidecar comparator for this cell
d256_h4_seq64	MISSING_NATIVE_FUSED_PROOF_AND_MATCHED_COMPARATOR	width_head_sequence_crossing	256	4	64	width+head+sequence								no checked native fused proof plus matched source-plus-LogUp-sidecar comparator for this cell
d256_h8_seq8	MISSING_NATIVE_FUSED_PROOF_AND_MATCHED_COMPARATOR	width_head_crossing	256	8	8	width+head								no checked native fused proof plus matched source-plus-LogUp-sidecar comparator for this cell
d256_h8_seq16	MISSING_NATIVE_FUSED_PROOF_AND_MATCHED_COMPARATOR	width_head_sequence_crossing	256	8	16	width+head+sequence								no checked native fused proof plus matched source-plus-LogUp-sidecar comparator for this cell
d256_h8_seq32	MISSING_NATIVE_FUSED_PROOF_AND_MATCHED_COMPARATOR	width_head_sequence_crossing	256	8	32	width+head+sequence								no checked native fused proof plus matched source-plus-LogUp-sidecar comparator for this cell
d256_h8_seq64	MISSING_NATIVE_FUSED_PROOF_AND_MATCHED_COMPARATOR	width_head_sequence_crossing	256	8	64	width+head+sequence								no checked native fused proof plus matched source-plus-LogUp-sidecar comparator for this cell
d256_h16_seq8	MISSING_NATIVE_FUSED_PROOF_AND_MATCHED_COMPARATOR	width_head_crossing	256	16	8	width+head								no checked native fused proof plus matched source-plus-LogUp-sidecar comparator for this cell
d256_h16_seq16	MISSING_NATIVE_FUSED_PROOF_AND_MATCHED_COMPARATOR	width_head_sequence_crossing	256	16	16	width+head+sequence								no checked native fused proof plus matched source-plus-LogUp-sidecar comparator for this cell
d256_h16_seq32	MISSING_NATIVE_FUSED_PROOF_AND_MATCHED_COMPARATOR	width_head_sequence_crossing	256	16	32	width+head+sequence								no checked native fused proof plus matched source-plus-LogUp-sidecar comparator for this cell
d256_h16_seq64	MISSING_NATIVE_FUSED_PROOF_AND_MATCHED_COMPARATOR	width_head_sequence_crossing	256	16	64	width+head+sequence								no checked native fused proof plus matched source-plus-LogUp-sidecar comparator for this cell
